<?xml version="1.0" encoding="utf-8" ?>
<AssemblyProject>
  <!--<Root                             value = "..\..\..\..\.." />-->
  <Root                             value = "..\..\..\.." />

  <Target                           value = "library" /> <!-- exe (exe console default), library (dll), module (.netmodule), winexe (exe windows) -->
	<Output                           value = "bin32\runsource.dll" />
  <CopySourceFiles                  value = "true" />
  <Icon                             value = "Properties\app.ico" />
	<NameSpace                        value = "pb" />
	<CompilerOptions                  value = "/platform:x86" />  <!-- x86, Itanium, x64, or anycpu (default). -->
<!--<GenerateExecutable               value = "true" />-->
  <Source                           value = "Properties\AssemblyInfo.cs" />
  
  <!--
    to get .zTrace() and .zView()
      RunSourceExtension.cs
      Date.cs
      pb\Data\DataTable.cs
      FieldList.cs
      pb\_pb\TypeView.cs
      pb\_pb\NamedValue.cs
  -->

  <Source                           value = "$Root$\Lib\pb\Source\pb\_pb\Chrono.cs" />
  <Source                           value = "$Root$\Lib\pb\Source\pb\_pb\Error.cs" />
  <Source                           value = "$Root$\Lib\pb\Source\pb\_pb\FormatInfo.cs" />
  <Source                           value = "$Root$\Lib\pb\Source\pb\_pb\ParseAs.cs" />
  <Source                           value = "$Root$\Lib\pb\Source\pb\_pb\PBException.cs" />
  <Source                           value = "$Root$\Lib\pb\Source\pb\_pb\Trace.cs" />
  <Source                           value = "$Root$\Lib\pb\Source\pb\_pb\TraceError.cs" />
  <Source                           value = "$Root$\Lib\pb\Source\pb\_pb\TraceLevel.cs" />
  <Source                           value = "$Root$\Lib\pb\Source\pb\_pb\TraceSetWriter.cs" />

  <Source                           value = "$Root$\Lib\pb\Source\pb\Compiler\AssemblyResolve.cs" />
  <Source                           value = "$Root$\Lib\pb\Source\pb\Compiler\Compiler.cs" />
  <Source                           value = "$Root$\Lib\pb\Source\pb\Compiler\CompilerProject.cs" />
  <Source                           value = "$Root$\Lib\pb\Source\pb\Compiler\CSharpCodeWriter.cs" />
  <Source                           value = "$Root$\Lib\pb\Source\pb\Compiler\GenerateAssembly.cs" />
  <Source                           value = "$Root$\Lib\pb\Source\pb\Compiler\GenerateCSharpCode.cs" />
  <Source                           value = "$Root$\Lib\pb\Source\pb\Compiler\RunCode.cs" />
  <Source                           value = "$Root$\Lib\pb\Source\pb\Compiler\RunSource.cs" />
  <Source                           value = "$Root$\Lib\pb\Source\pb\Compiler\RunSourceInitEndMethods.cs" />
  <Source                           value = "$Root$\Lib\pb\Source\pb\Compiler\RunSourceRunCode.cs" />

  <Source                           value = "$Root$\Lib\pb\Source\pb\Data\Xml\Xml.cs" />
  <Source                           value = "$Root$\Lib\pb\Source\pb\Data\Xml\XmlConfig.cs" />

  <Source                           value = "$Root$\Lib\pb\Source\pb\IO\File.cs" />
  <Source                           value = "$Root$\Lib\pb\Source\pb\IO\Path.cs" />
  <Source                           value = "$Root$\Lib\pb\Source\pb\IO\WriteToFile.cs" />
  <Source                           value = "$Root$\Lib\pb\Source\pb\IO\WriteToFileCreate.cs" />
  <Source                           value = "$Root$\Lib\pb\Source\pb\IO\zDirectory.cs" />
  <Source                           value = "$Root$\Lib\pb\Source\pb\IO\zFile.cs" />
  <Source                           value = "$Root$\Lib\pb\Source\pb\IO\ZipArchive.cs" />

  <Source                           value = "$Root$\Lib\pb\Source\pb\Reflection\Reflection.cs" />

  <Assembly                         value = "System.dll" />
  <Assembly                         value = "System.Core.dll" />
  <Assembly                         value = "System.Data.dll" />
  <Assembly                         value = "System.IO.Compression.dll" />
  <Assembly                         value = "System.IO.Compression.FileSystem.dll" />
  <Assembly                         value = "System.Xml.dll" />
  <Assembly                         value = "System.Xml.Linq.dll" />
  <Assembly                         value = "Microsoft.JScript.dll" />

  <!--
  <Source                           value = "$Root$\Lib\pb\Source\pb\_pb\Convert.cs" />
  <Source                           value = "$Root$\Lib\pb\Source\pb\_pb\Process.cs" />
  <Source                           value = "$Root$\Lib\pb\Source\pb\_pb\Progress.cs" />
  <Source                           value = "$Root$\Lib\pb\Source\pb\_pb\Tree.cs" />

  <Source                           value = "$Root$\Lib\pb\Source\pb\Data\GClass.cs" />
  <Source                           value = "$Root$\Lib\pb\Source\pb\Data\Image.cs" />
  
  <Source                           value = "$Root$\Lib\pb\Source\pb\IO\StreamTransfer.cs" />

  <Source                           value = "$Root$\Lib\pb\Source\pb\Text\Regex.cs" />
  <Source                           value = "$Root$\Lib\pb\Source\pb\Text\Split.cs" />
  <Source                           value = "$Root$\Lib\pb\Source\pb\Text\String.cs" />
  <Source                           value = "$Root$\Lib\pb\Source\pb\Text\StringZones.cs" />
  
  <Source                           value = "$Root$\Lib\pb\Source\pb\Web\Html\HtmlCharCodes.cs" />
  <Source                           value = "$Root$\Lib\pb\Source\pb\Web\Html\HtmlReader.cs" />
  <Source                           value = "$Root$\Lib\pb\Source\pb\Web\Html\HtmlReader_v2.cs" />
  <Source                           value = "$Root$\Lib\pb\Source\pb\Web\Html\HtmlReaderBase.cs" />
  <Source                           value = "$Root$\Lib\pb\Source\pb\Web\Html\HtmlTag.cs" />
  <Source                           value = "$Root$\Lib\pb\Source\pb\Web\Html\HtmlToXml.cs" />
  <Source                           value = "$Root$\Lib\pb\Source\pb\Web\Http\Http.cs" />
  <Source                           value = "$Root$\Lib\pb\Source\pb\Web\Http\HttpRequest.cs" />
  <Source                           value = "$Root$\Lib\pb\Source\pb\Web\Http\HttpRun.cs" />
  <Source                           value = "$Root$\Lib\pb\Source\pb\Web\Http\HttpXml.cs" />
  <Source                           value = "$Root$\Lib\pb\Source\pb\Web\Http\Url.cs" />
  <Source                           value = "$Root$\Lib\pb\Source\pb\Web\Http\XmlDocumentSourceType.cs" />
  
  <Source                           value = "$Root$\Lib\pb\Source\pb\Windows\Win32\GDI.cs" />
  <Source                           value = "$Root$\Lib\pb\Source\pb\Windows\Win32\Kernel.cs" />
  <Source                           value = "$Root$\Lib\pb\Source\pb\Windows\Win32\User.Const.cs" />
  <Source                           value = "$Root$\Lib\pb\Source\pb\Windows\Win32\User.Struct.cs" />
  <Source                           value = "$Root$\Lib\pb\Source\pb\Windows\Win32\User.cs" />
  <Source                           value = "$Root$\Lib\pb\Source\pb\Windows\Win32\Windows.cs" />
  
	<Assembly                         value = "System.Drawing.dll" />
  <Assembly                         value = "System.Web.dll" />
	<Assembly                         value = "System.Windows.Forms.dll" />
  -->
  <!--<Assembly                         value = "..\..\..\..\..\RuntimeLibrary\LongPath\LongPath\Pri.LongPath.dll" />-->
  <!--<Assembly                         value = "c:\pib\drive\google\dev\project\RuntimeLibrary\LongPath\LongPath\Pri.LongPath.dll" />-->
  <Assembly                         value = "$Root$\Lib\LongPath\Pri.LongPath\bin\Debug\Pri.LongPath.dll" />
  <Assembly                         value = "$Root$\Apps\RunSource\v2\runsource.irunsource\bin32\runsource.irunsource.dll" />
  <DebugInformation                 value = "true" />
</AssemblyProject>
