<?xml version="1.0" encoding="utf-8" ?>
<configuration>
  <ProjectDirectory                            value = "c:\pib\drive\google\dev\project\.net" />
  <RunSourceDirectory                          value = "c:\pib\prog\tools\runsource" />
  <Log                                         value = "log.txt" />  <!-- option = "None" -->
<!--<TraceDir                                      value = "Log\Trace" />-->
<!--<RunsourceTitle                              value = "" />-->  <!-- default = "Run source" -->
<!--<RunsourceProductName                        value = "" />-->  <!-- default = "runsource.runsource" defined in AssemblyInfo.cs -->
  <RunsourceDllFilename                        value = "runsource.dll" />
  <RunsourceClassName                          value = "pb.Compiler.RunSource" />
  <AllowMultipleExecution                      value = "true" />  <!-- default = "false" -->
  <TraceClassName                              value = "pb.TTrace" />
  <!--<TraceAssemblyLoad                           value = "true" /> --><!-- default = "false" -->
  <!--<TraceAssemblyResolve                        value = "true" /> --><!-- default = "false" -->
  <!--<RunSourceDomainName                           value = "RunSource" />-->  <!-- default: "RunSource" -->
  <!--<CreateRunSourceDomain                         value = "true" />-->      <!-- default = false, true, attention si CreateRunSourceDomain = true runsource.launch.exe ne peut pas mettre à jour runsource.runsourced32.exe -->
  <UpdateRunSource>
    <UpdateDirectory                           value = "$RunSourceDirectory$\update" /> <!-- default = false -->
    <TraceUpdate                               value = "true" />
    <!--<ProjectDirectory                          value = "$ProjectDirectory$\Apps\RunSource\v2" />-->  <!-- c:\pib\drive\google\dev\project\Source\RunSource\v2 -->
    <Project                                   value = "$ProjectDirectory$\Apps\RunSource\v2\runsource.irunsource\runsource.irunsource.project.xml" />
    <Project                                   value = "$ProjectDirectory$\Apps\RunSource\v2\runsource.dll\runsource.dll.project.xml" copyOutput = "$RunSourceDirectory$\new" />
    <Project                                   value = "$ProjectDirectory$\Apps\RunSource\v2\runsource.runsource\runsource.runsource.project.xml" copyOutput = "$RunSourceDirectory$\new" />
    <ProjectRunSourceLaunch                    value = "$ProjectDirectory$\Apps\RunSource\v2\runsource.launch\runsource.launch.project.xml" copyOutput = "$RunSourceDirectory$\new" />
  </UpdateRunSource>
  
<!--<GenerateAssemblyDirectory                   value = "" />-->  <!-- default = "run" -->
<!--<GenerateAssemblyName                        value = "" />-->  <!-- default = "RunCode" -->
<!--<GenerateCodeRunTypeName                     value = "" />-->  <!-- default = "_RunCode" -->
<!--<GenerateCodeRunMethodName                   value = "" />-->  <!-- default = "Run" -->
  
  <CompilerDefaultValues> <!-- attention CompilerDefaultValues and ProjectDefaultValues dont work in _local.xml -->
    <Language                                  value = "CSharp" />  <!-- CSharp, JScript -->
<!--<ProviderOption                            name  = "CompilerVersion" value = "v3.5" />-->
		<ProviderOption                            name  = "CompilerVersion" value = "v4.0" />
    <WarningLevel                              value = "4" /> <!-- 0 no warning, 1 severe warning, 2 + less-severe warnings 1, 3 + less-severe warnings 2, 4 all warning -->
    <ResourceCompiler                          value = "c:\Program Files\Microsoft SDKs\Windows\v7.1\Bin\ResGen.exe"/>
	</CompilerDefaultValues>

  <DefaultProject                              value = "$ProjectDirectory$\Lib\pb\Source\Project\Default.project.xml"/>
  <!--<ProjectDefaultValues                        value = "$ProjectDirectory$\Lib\pb\Source\Project\DefaultValues.project.xml"/>-->
	<!--<ProjectDefaultValues>
		<Using                                     value = "System" />
		<Using                                     value = "System.Collections" />
		<Using                                     value = "System.Collections.Generic" />
		<Using                                     value = "System.Data" />
		<Using                                     value = "System.Globalization" />
		<Using                                     value = "System.IO" />
		<Using                                     value = "System.Text" />
		<Using                                     value = "System.Text.RegularExpressions" />
		<Using                                     value = "System.Windows.Forms" />
		<Using                                     value = "System.Xml" />
    <Using                                     value = "pb" />
    <Using                                     value = "pb.Compiler" />
    <Using                                     value = "pb.Data" />
    <Using                                     value = "pb.Data.Xml" />
    <Using                                     value = "pb.IO" />
    <Using                                     value = "pb.Text" />
    <Using                                     value = "pb.Web" />
    <Using                                     value = "pb.Windows.Win32" />
    <Assembly                                  value = "System.dll" />
		<Assembly                                  value = "System.Core.dll" />
		<Assembly                                  value = "System.Data.dll" />
		<Assembly                                  value = "System.Windows.Forms.dll" />
		<Assembly                                  value = "System.Xml.dll" />
    <Assembly                                  value = "runsource.dll" />
    <Assembly                                  value = "runsource.irunsource.dll" />
		<GenerateInMemory                          value = "false" />
		<DebugInformation                          value = "true" />
    <WarningLevel                              value = "4" />  --><!-- 0 no warning, 1 severe warning, 2 + less-severe warnings 1, 3 + less-severe warnings 2, 4 all warning --><!--
    <CompilerOptions                           value = "/define:DEBUG;TRACE" />
	</ProjectDefaultValues>-->
  
	<AbortThreadExecutionTimeout                   value = "2" />
	<ForceAbortThreadExecutionTimeout              value = "30" />
	<ProgressMinimumMillisecondsBetweenMessage     value = "50" />
  <GridMaxWidth                                  value = "800" />
  <GridMaxHeight                                 value = "200" />
  <DataTableMaxImageWidth                        value = "0" />
  <DataTableMaxImageHeight                       value = "200" />
</configuration>
