<?xml version="1.0" encoding="utf-8" ?>
<AssemblyProject>
  <Root                             value = "..\..\..\.." />

  <IncludeProject                   value = "$Root$\Lib\pb\Source\Project\LanguageCSharp5Debug.project.xml" />
  <Target                           value = "winexe" /> <!-- CSharp5 option : exe (exe console default), library (dll), module (.netmodule), winexe (exe windows), winruntimeexe (windows runtime application), winruntimemetadata (windows runtime metadata) -->
  <Platform                         value = "X86" /> <!-- CSharp5 option : AnyCpu (default), X86, X64, Itanium, AnyCpu32BitPreferred (only CSharp5), Arm (only CSharp5) -->
  <Output                           value = "bin32\runsource.launch.exe" />  <!-- CSharp1, CSharp5, JScript option -->
  <Icon                             value = "Resource\DogFinder.ico" />  <!-- CSharp1, JScript option -->
  <Win32Resource                    value = "Resource\resource.rc" />  <!-- CSharp5 option -->
  <CopySourceFiles                  value = "true" />  <!-- make a zip with source files -->
	<NameSpace                        value = "runsource_launch" />
	<!--<CompilerOptions                  value = "/platform:x86" />  --><!-- x86, Itanium, x64, or anycpu (default). -->
	<Source                           value = "Properties\AssemblyInfo.cs" />
	<Source                           value = "Source\runsource.launch.cs" />

  <Source                           value = "$Root$\Lib\pb\Source\pb\_pb\Application.cs" />
  <Source                           value = "$Root$\Lib\pb\Source\pb\_pb\Date.cs" />
  <Source                           value = "$Root$\Lib\pb\Source\pb\_pb\Error.cs" />
  <Source                           value = "$Root$\Lib\pb\Source\pb\_pb\FormatInfo.cs" />
  <Source                           value = "$Root$\Lib\pb\Source\pb\_pb\ITrace.cs" />
  <Source                           value = "$Root$\Lib\pb\Source\pb\_pb\ParseAs.cs" />
  <Source                           value = "$Root$\Lib\pb\Source\pb\_pb\PBException.cs" />
  <Source                           value = "$Root$\Lib\pb\Source\pb\_pb\TextSerializer.cs" />
  <Source                           value = "$Root$\Lib\pb\Source\pb\_pb\Trace.cs" />
  <Source                           value = "$Root$\Lib\pb\Source\pb\_pb\TraceSetWriter.cs" />
  <Source                           value = "$Root$\Lib\pb\Source\pb\_pb\Tree.cs" />
  <Source                           value = "$Root$\Lib\pb\Source\pb\Data\Xml\Xml.cs" />
  <Source                           value = "$Root$\Lib\pb\Source\pb\Data\Xml\XmlConfig.cs" />
  <Source                           value = "$Root$\Lib\pb\Source\pb\IO\File.cs" />
  <Source                           value = "$Root$\Lib\pb\Source\pb\IO\FileOption.cs" />
  <Source                           value = "$Root$\Lib\pb\Source\pb\IO\Path.cs" />
  <Source                           value = "$Root$\Lib\pb\Source\pb\IO\WriteToFile.cs" />
  <Source                           value = "$Root$\Lib\pb\Source\pb\IO\WriteToFileCreate.cs" />
  <Source                           value = "$Root$\Lib\pb\Source\pb\IO\zDirectory.cs" />
  <Source                           value = "$Root$\Lib\pb\Source\pb\IO\zFile.cs" />
  <Source                           value = "$Root$\Lib\pb\Source\pb\IO\zPath.cs" />
  <Source                           value = "$Root$\Lib\pb\Source\pb\IO\zUpdateFiles.cs" />
  <Source                           value = "$Root$\Lib\pb\Source\pb\Reflection\Reflection.cs" />
  <Source                           value = "$Root$\Lib\pb\Source\pb\Text\Regex.cs" />
  <Source                           value = "$Root$\Lib\pb\Source\pb\Windows\Forms\zerrf.cs" />

  <FrameworkAssembly                value = "mscorlib.dll" />
  <FrameworkAssembly                value = "System.dll" />
  <FrameworkAssembly                value = "System.Core.dll" />
  <FrameworkAssembly                value = "System.Windows.Forms.dll" />
  <FrameworkAssembly                value = "System.Xml.dll" />
  <FrameworkAssembly                value = "System.Xml.Linq.dll" />
  <Assembly                         value = "$Root$\Lib\LongPath\Pri.LongPath\bin\Debug\Pri.LongPath.dll" />
</AssemblyProject>

