<?xml version="1.0" encoding="utf-8" ?>
<AssemblyProject>
  <Root                                      value = "..\..\.." />
  
  <Language                                  name = "CSharp5" version = "6" />
  <FrameworkVersion                          value = "4.6.1" />  <!-- 2.0, 3.0, 3.5, 3.5 client, 4.0, 4.0 client, 4.5, 4.5.1, 4.5.2, 4.6, 4.6.1 -->
  <WarningLevel                              value = "4" /> <!-- 0 no warning, 1 severe warning, 2 + less-severe warnings 1, 3 + less-severe warnings 2, 4 all warning -->
  <Target                                    value = "winexe" /> <!-- exe (exe console default), library (dll), module (.netmodule), winexe (exe windows) -->
  <Output                                    value = "bin32\MyDownloader.App.exe" />
  <DebugInformation                          value = "true" />
	<CompilerOptions                           value = "/platform:anycpu" />  <!-- x86, Itanium, x64, or anycpu (default). -->
  <CopySourceFiles                           value = "true" />
  <Icon                                      value = "dragon_fly.ico" />
	<NameSpace                                 value = "MyDownloader.App" />
<!--<GenerateExecutable                        value = "true" />-->
  <Source                                    value = "App.config" />
  <Source                                    value = "Settings.Designer.cs" />
  <Source                                    value = "Resource.resx" namespace = "MyDownloader.App.resources" />
  <Source                                    value = "Resource.Designer.cs" />
  <Source                                    value = "Properties\AssemblyInfo.cs" />
  <Source                                    value = "App\App.cs" />
  <Source                                    value = "App\Program.cs" />
  <Source                                    value = "Controls\Block.cs" />
  <Source                                    value = "Controls\BlockedProgressBar.cs" />
  <Source                                    value = "Controls\BlockedProgressBar.designer.cs" />
  <Source                                    value = "Controls\BlockList.cs" />
  <Source                                    value = "Controls\CheckableTreeView.cs" />
  <Source                                    value = "SingleInstancing\ISingleInstanceEnforcer.cs" />
  <Source                                    value = "SingleInstancing\MessageEventArgs.cs" />
  <Source                                    value = "SingleInstancing\SingleInstanceException.cs" />
  <Source                                    value = "SingleInstancing\SingleInstanceProxy.cs" />
  <Source                                    value = "SingleInstancing\SingleInstanceTracker.cs" />
  <Source                                    value = "UI\AboutForm.cs" />
  <Source                                    value = "UI\AboutForm.Designer.cs" />
  <Source                                    value = "UI\AboutForm.resx" namespace = "MyDownloader.App.UI.AboutForm.resources" />
  <Source                                    value = "UI\CreateBatchDownloadForm.cs" />
  <Source                                    value = "UI\CreateBatchDownloadForm.Designer.cs" />
  <Source                                    value = "UI\CreateBatchDownloadForm.resx" namespace = "MyDownloader.App.UI.CreateBatchDownloadForm.resources" />
  <Source                                    value = "UI\DownloadList.cs" />
  <Source                                    value = "UI\DownloadList.Designer.cs" />
  <Source                                    value = "UI\DownloadList.resx" namespace = "MyDownloader.App.UI.DownloadList.resources" />
  <Source                                    value = "UI\FileTypeImageList.cs" />
  <Source                                    value = "UI\IconReader.cs" />
  <Source                                    value = "UI\ImportFromFileForm.cs" />
  <Source                                    value = "UI\ImportFromFileForm.Designer.cs" />
  <Source                                    value = "UI\ImportFromFileForm.resx" namespace = "MyDownloader.App.UI.ImportFromFileForm.resources" />
  <Source                                    value = "UI\ImportFromFilePreviewForm.cs" />
  <Source                                    value = "UI\ImportFromFilePreviewForm.Designer.cs" />
  <Source                                    value = "UI\ImportFromFilePreviewForm.resx" namespace = "MyDownloader.App.UI.ImportFromFilePreviewForm.resources" />
  <Source                                    value = "UI\MainForm.cs" />
  <Source                                    value = "UI\MainForm.Designer.cs" />
  <Source                                    value = "UI\MainForm.resx" namespace = "MyDownloader.App.UI.MainForm.resources" />
  <Source                                    value = "UI\NewDownloadForm.cs" />
  <Source                                    value = "UI\NewDownloadForm.Designer.cs" />
  <Source                                    value = "UI\NewDownloadForm.resx" namespace = "MyDownloader.App.UI.NewDownloadForm.resources" />
  <Source                                    value = "UI\OptionsForm.cs" />
  <Source                                    value = "UI\OptionsForm.Designer.cs" />
  <Source                                    value = "UI\OptionsForm.resx" namespace = "MyDownloader.App.UI.OptionsForm.resources" />
<!--<Source                                    value = "WCF\IWCFDownloadManager.cs" />-->
<!--<Source                                    value = "Service\DownloadManagerService.cs" />-->
  <FrameworkAssembly                         value = "mscorlib.dll" />
  <FrameworkAssembly                         value = "System.dll" />
  <FrameworkAssembly                         value = "System.Data.dll" />
  <FrameworkAssembly                         value = "System.Design.dll" />
  <FrameworkAssembly                         value = "System.Drawing.dll" />
  <FrameworkAssembly                         value = "System.Runtime.Remoting.dll" />
  <FrameworkAssembly                         value = "System.ServiceModel.dll" />
  <FrameworkAssembly                         value = "System.Web.dll" />
  <FrameworkAssembly                         value = "System.Windows.Forms.dll" />
  <FrameworkAssembly                         value = "System.Xml.dll" />
  <!--<Assembly                                  value = "..\bin\bin32\MyDownloader.Service.dll" />-->
  <!--<Assembly                                  value = "..\bin\bin32\MyDownloader.Core.dll" />-->
  <Assembly                                  value = "$Root$\Apps\MyDownloader\MyDownloader.Core\bin32\MyDownloader.Core.dll" />
  <!--<Assembly                                  value = "..\bin\bin32\MyDownloader.Extension.dll" />-->
  <Assembly                                  value = "$Root$\Apps\MyDownloader\MyDownloader.Extension\bin32\MyDownloader.Extension.dll" />
  <!--<Assembly                                  value = "..\bin\bin32\MyDownloader.Spider.dll" />-->
  <Assembly                                  value = "$Root$\Apps\MyDownloader\MyDownloader.Spider\bin32\MyDownloader.Spider.dll" />
  <Assembly                                  value = "$Root$\..\library\ICSharpCode\ICSharpCode.SharpZipLib.dll" />
  <Assembly                                  value = "$Root$\..\library\TabStrip\TabStrip.dll" />
	<!--<CopyOutput                                value = "..\bin\bin32" />-->
	<!--<CopyOutput                                value = "c:\pib\prog\tools\DownloadManager\new" />-->
</AssemblyProject>
