<?xml version="1.0" encoding="utf-8" ?>
<AssemblyProject>
  <Root                             value = "..\..\..\.." />

  <IncludeProject                   value = "$Root$\Lib\pb\Source\Project\LanguageCSharp5Debug.project.xml" />
  <Target                           value = "library" /> <!-- exe (exe console default), library (dll), module (.netmodule), winexe (exe windows), winruntimeexe (windows runtime application), winruntimemetadata (windows runtime metadata) -->
  <Platform                         value = "X86" /> <!-- AnyCpu (default), X86, X64, Itanium, AnyCpu32BitPreferred (only CSharp5), Arm (only CSharp5) -->
  <Output                           value = "bin32\runsource.dll" />
  <CopySourceFiles                  value = "true" />
  <Icon                             value = "Properties\app.ico" />
	<NameSpace                        value = "pb" />
<!--<CompilerOptions                  value = "/platform:x86" />  --><!-- x86, Itanium, x64, or anycpu (default). -->
<!--<GenerateExecutable               value = "true" />-->
  <Source                           value = "Properties\AssemblyInfo.cs" />
  
  <!--
    to get .zTrace() and .zView()
      RunSourceExtension.cs
      Date.cs
      pb\Data\DataTable.cs
      FieldList.cs
      pb\_pb\TypeView.cs
      pb\_pb\NamedValue.cs
  -->

  <Source                           value = "$Root$\Lib\pb\Source\pb\_pb\Application.cs" />
  <Source                           value = "$Root$\Lib\pb\Source\pb\_pb\Chrono.cs" />
  <Source                           value = "$Root$\Lib\pb\Source\pb\_pb\Date.cs" />
  <Source                           value = "$Root$\Lib\pb\Source\pb\_pb\Error.cs" />
  <Source                           value = "$Root$\Lib\pb\Source\pb\_pb\FormatInfo.cs" />
  <Source                           value = "$Root$\Lib\pb\Source\pb\_pb\GlobalExtension.cs" />
  <Source                           value = "$Root$\Lib\pb\Source\pb\_pb\ParseAs.cs" />
  <Source                           value = "$Root$\Lib\pb\Source\pb\_pb\PBException.cs" />
  <!--<Source                           value = "$Root$\Lib\pb\Source\pb\_pb\Trace.cs" />-->
  <!--<Source                           value = "$Root$\Lib\pb\Source\pb\_pb\TraceError.cs" />-->
  <Source                           value = "$Root$\Lib\pb\Source\pb\_pb\TraceLevel.cs" />
  <Source                           value = "$Root$\Lib\pb\Source\pb\_pb\TraceManager.cs" />
  <!--<Source                           value = "$Root$\Lib\pb\Source\pb\_pb\TraceSetWriter.cs" />-->

  <Source                           value = "$Root$\Lib\pb\Source\pb\Compiler\AssemblyResolve.cs" />
  <!--<Source                           value = "$Root$\Lib\pb\Source\pb\Compiler\Compiler.cs" />-->
  <!--<Source                           value = "$Root$\Lib\pb\Source\pb\Compiler\CompilerProject.cs" />-->
  <Source                           value = "$Root$\Lib\pb\Source\pb\Compiler\CodeDomProviderCompilerResult.cs" />
  <Source                           value = "$Root$\Lib\pb\Source\pb\Compiler\CompilerManager.cs" />
  <Source                           value = "$Root$\Lib\pb\Source\pb\Compiler\CompilerProjectReader.cs" />
  <Source                           value = "$Root$\Lib\pb\Source\pb\Compiler\CSharp1Compiler.cs" />
  <Source                           value = "$Root$\Lib\pb\Source\pb\Compiler\CSharp5Compiler.cs" />
  <Source                           value = "$Root$\Lib\pb\Source\pb\Compiler\CSharpCodeWriter.cs" />
  <Source                           value = "$Root$\Lib\pb\Source\pb\Compiler\GenerateAssembly.cs" />
  <Source                           value = "$Root$\Lib\pb\Source\pb\Compiler\GenerateCSharpCode.cs" />
  <Source                           value = "$Root$\Lib\pb\Source\pb\Compiler\ICompiler.cs" />
  <Source                           value = "$Root$\Lib\pb\Source\pb\Compiler\JScriptCompiler.cs" />
  <Source                           value = "$Root$\Lib\pb\Source\pb\Compiler\ProjectCompiler.cs" />
  <Source                           value = "$Root$\Lib\pb\Source\pb\Compiler\ProjectCompilerCreator.cs" />
  <Source                           value = "$Root$\Lib\pb\Source\pb\Compiler\ResourceCompiler.cs" />
  <Source                           value = "$Root$\Lib\pb\Source\pb\Compiler\ResourceCompilerResult.cs" />
  <Source                           value = "$Root$\Lib\pb\Source\pb\Compiler\RunCode.cs" />
  <Source                           value = "$Root$\Lib\pb\Source\pb\Compiler\RunSource.cs" />
  <Source                           value = "$Root$\Lib\pb\Source\pb\Compiler\RunSource_CompileProjects.cs" />
  <Source                           value = "$Root$\Lib\pb\Source\pb\Compiler\RunSource_Execution.cs" />
  <Source                           value = "$Root$\Lib\pb\Source\pb\Compiler\RunSource_Options.cs" />
  <Source                           value = "$Root$\Lib\pb\Source\pb\Compiler\RunSource_RunCode.cs" />
  <!--<Source                           value = "$Root$\Lib\pb\Source\pb\Compiler\RunSourceInitEndMethods.cs" />-->
  <Source                           value = "$Root$\Lib\pb\Source\pb\Compiler\RunSourceInitEndMethods_v2.cs" />
  <Source                           value = "$Root$\Lib\pb\Source\pb\Compiler\Win32ResourceCompiler.cs" />

  <Source                           value = "$Root$\Lib\pb\Source\pb\Data\NamedValues.cs" />
  <Source                           value = "$Root$\Lib\pb\Source\pb\Data\ParseNamedValues.cs" />
  <Source                           value = "$Root$\Lib\pb\Source\pb\Data\ZValue.cs" />
  
  <Source                           value = "$Root$\Lib\pb\Source\pb\Data\Xml\Xml.cs" />
  <Source                           value = "$Root$\Lib\pb\Source\pb\Data\Xml\XmlConfig.cs" />

  <Source                           value = "$Root$\Lib\pb\Source\pb\IO\CompressFile.cs" />
  <Source                           value = "$Root$\Lib\pb\Source\pb\IO\CompressOptions.cs" />
  <Source                           value = "$Root$\Lib\pb\Source\pb\IO\File.cs" />
  <!--<Source                           value = "$Root$\Lib\pb\Source\pb\IO\FileOption.cs" />-->
  <Source                           value = "$Root$\Lib\pb\Source\pb\IO\Path.cs" />
  <Source                           value = "$Root$\Lib\pb\Source\pb\IO\WriteToFile.cs" />
  <Source                           value = "$Root$\Lib\pb\Source\pb\IO\WriteToFileCreate.cs" />
  <Source                           value = "$Root$\Lib\pb\Source\pb\IO\zDirectory.cs" />
  <Source                           value = "$Root$\Lib\pb\Source\pb\IO\zFile.cs" />
  <Source                           value = "$Root$\Lib\pb\Source\pb\IO\ZipArchive.cs" />
  <Source                           value = "$Root$\Lib\pb\Source\pb\IO\zPath.cs" />
  <Source                           value = "$Root$\Lib\pb\Source\pb\IO\zUpdateFiles.cs" />

  <Source                           value = "$Root$\Lib\pb\Source\pb\Reflection\MethodParameters.cs" />
  <Source                           value = "$Root$\Lib\pb\Source\pb\Reflection\Reflection.cs" />

  <Source                           value = "$Root$\Lib\pb\Source\pb\Text\Split.cs" />
  <Source                           value = "$Root$\Lib\pb\Source\pb\Text\StringZones.cs" />

  <FrameworkAssembly                value = "mscorlib.dll" />
  <FrameworkAssembly                value = "System.dll" />
  <FrameworkAssembly                value = "System.Core.dll" />
  <FrameworkAssembly                value = "System.Data.dll" />
  <FrameworkAssembly                value = "System.IO.Compression.dll" />
  <FrameworkAssembly                value = "System.IO.Compression.FileSystem.dll" />
  <FrameworkAssembly                value = "System.Xml.dll" />
  <FrameworkAssembly                value = "System.Xml.Linq.dll" />
  <FrameworkAssembly                value = "Microsoft.CSharp.dll" />
  <FrameworkAssembly                value = "Microsoft.JScript.dll" />

  <FrameworkAssembly                value = "Facades\System.Runtime.dll" />
  <FrameworkAssembly                value = "Facades\System.IO.dll" />
  <FrameworkAssembly                value = "Facades\System.Text.Encoding.dll" />
  <FrameworkAssembly                value = "Facades\System.Threading.Tasks.dll" />
  <!--<Assembly                         value = "C:\Program Files (x86)\Reference Assemblies\Microsoft\Framework\.NETFramework\v4.5.1\Facades\System.Runtime.dll" />
  <Assembly                         value = "C:\Program Files (x86)\Reference Assemblies\Microsoft\Framework\.NETFramework\v4.5.1\Facades\System.IO.dll" />
  <Assembly                         value = "C:\Program Files (x86)\Reference Assemblies\Microsoft\Framework\.NETFramework\v4.5.1\Facades\System.Text.Encoding.dll" />
  <Assembly                         value = "C:\Program Files (x86)\Reference Assemblies\Microsoft\Framework\.NETFramework\v4.5.1\Facades\System.Threading.Tasks.dll" />-->

  <NuGetDirectory                   value = "c:\pib\dev\NuGet\repository" />
  <Assembly                         value = "$NuGetDirectory$\Microsoft.CodeAnalysis.Common.1.2.2\lib\net45\Microsoft.CodeAnalysis.dll" />
  <Assembly                         value = "$NuGetDirectory$\Microsoft.CodeAnalysis.CSharp.1.2.2\lib\net45\Microsoft.CodeAnalysis.CSharp.dll" />
  <Assembly                         value = "$NuGetDirectory$\System.Collections.Immutable.1.1.37\lib\dotnet\System.Collections.Immutable.dll" />
  <Assembly                         value = "$NuGetDirectory$\System.Reflection.Metadata.1.2.0\lib\portable-net45+win8\System.Reflection.Metadata.dll" />

  <Assembly                         value = "$Root$\Lib\LongPath\Pri.LongPath\bin\Debug\Pri.LongPath.dll" />
  <Assembly                         value = "$Root$\Apps\RunSource\v2\runsource.irunsource\bin32\runsource.irunsource.dll" />
</AssemblyProject>
