<?xml version="1.0" encoding="utf-8" ?>
<configuration>
  <ProjectDirectory                            value = "c:\pib\drive\google\dev\project\.net" />
  <Log                                         value = "log.txt" />  <!-- option = "None" -->
<!--<TraceDir                                      value = "Log\Trace" />-->
<!--<RunsourceTitle                              value = "" />-->  <!-- default = "Run source" -->
<!--<RunsourceProductName                        value = "" />-->  <!-- default = "runsource.runsource" defined in AssemblyInfo.cs -->
  <RunsourceDllFilename                        value = "runsource.dll" />
  <RunsourceClassName                          value = "pb.Compiler.RunSource" />
  <AllowMultipleExecution                      value = "true" />  <!-- default = "false" -->
  <TraceClassName                              value = "pb.TTrace" />
  <!--<TraceAssemblyLoad                           value = "true" /> --><!-- default = "false" -->
  <!--<TraceAssemblyResolve                        value = "true" /> --><!-- default = "false" -->
  <!--<RunSourceDomainName                           value = "RunSource" />-->  <!-- default: "RunSource" -->
  <!--<CreateRunSourceDomain                         value = "true" />-->      <!-- default = false, true, attention si CreateRunSourceDomain = true runsource.launch.exe ne peut pas mettre à jour runsource.runsourced32.exe -->
  <RunSourceProjects                           value = "$ProjectDirectory$\Apps\RunSource\v2\runsource.projects.xml" />
  <RunSourceDirectory                          value = "c:\pib\prog\tools\runsource" />
  <RunsourceSourceDirectory                    value = "$RunSourceDirectory$\update" />
  <RunsourceUpdateDirectory                    value = "..\update" />
  <!--<UpdateRunSource>
    <UpdateDirectory                           value = "$RunSourceDirectory$\update" />
    <TraceUpdate                               value = "true" />
    --><!--<ProjectDirectory                          value = "$ProjectDirectory$\Apps\RunSource\v2" />--><!--  --><!-- c:\pib\drive\google\dev\project\Source\RunSource\v2 --><!--
    <Project                                   value = "$ProjectDirectory$\Apps\RunSource\v2\runsource.irunsource\runsource.irunsource.project.xml" />
    <Project                                   value = "$ProjectDirectory$\Apps\RunSource\v2\runsource.dll\runsource.dll.project.xml" copyOutput = "$RunSourceDirectory$\new" copyToUpdateDirectory = "true" />
    <Project                                   value = "$ProjectDirectory$\Apps\RunSource\v2\runsource.runsource\runsource.runsource.project.xml" copyOutput = "$RunSourceDirectory$\new" copyToUpdateDirectory = "true" />
    <Project                                   value = "$ProjectDirectory$\Apps\RunSource\v2\runsource.launch\runsource.launch.project.xml" copyOutput = "$RunSourceDirectory$\new" />
    --><!--<ProjectRunSourceLaunch                    value = "$ProjectDirectory$\Apps\RunSource\v2\runsource.launch\runsource.launch.project.xml" copyOutput = "$RunSourceDirectory$\new" />--><!--
  </UpdateRunSource>-->
  
<!--<GenerateAssemblyDirectory                   value = "" />-->  <!-- default = "run" -->
<!--<GenerateAssemblyName                        value = "" />-->  <!-- default = "RunCode" -->
<!--<GenerateCodeRunTypeName                     value = "" />-->  <!-- default = "_RunCode" -->
<!--<GenerateCodeRunMethodName                   value = "" />-->  <!-- default = "Run" -->
  
  <!--<CompilerDefaultValues> --><!-- attention CompilerDefaultValues and ProjectDefaultValues dont work in _local.xml --><!--
    <Language                                  value = "CSharp" />  --><!-- CSharp, JScript --><!--
		<ProviderOption                            name  = "CompilerVersion" value = "v4.0" /> --><!-- v3.5 --><!--
    <WarningLevel                              value = "4" /> --><!-- 0 no warning, 1 severe warning, 2 + less-severe warnings 1, 3 + less-severe warnings 2, 4 all warning --><!--
    --><!--<ResourceCompiler                          value = "c:\Program Files\Microsoft SDKs\Windows\v7.1\Bin\ResGen.exe"/>--><!--
    <ResourceCompiler                          value = "c:\Program Files (x86)\Microsoft SDKs\Windows\v8.1A\bin\NETFX 4.5.1 Tools\ResGen.exe"/>
  </CompilerDefaultValues>-->
  
  <CompilerConfig>
    <Frameworks>
      <FrameworkDirectory1                     value = "C:\Windows\Microsoft.NET\Framework"/>
      <FrameworkDirectory2                     value = "C:\Program Files (x86)\Reference Assemblies\Microsoft\Framework\.NETFramework"/>
      <!-- 2.0, 3.0, 3.5, 3.5 client, 4.0, 4.0 client, 4.5, 4.5.1, 4.5.2, 4.6, 4.6.1 -->
      <Framework                               version = "2.0" directory = "$FrameworkDirectory1$\v2.0.50727"/>
      <Framework                               version = "3.5 client" directory = "$FrameworkDirectory2$\v3.5\Profile\Client"/>
      <Framework                               version = "4.0" directory = "$FrameworkDirectory2$\v4.0"/>
      <Framework                               version = "4.0 client" directory = "$FrameworkDirectory2$\v4.0\Profile\Client"/>
      <Framework                               version = "4.5" directory = "$FrameworkDirectory2$\v4.5"/>
      <Framework                               version = "4.5.1" directory = "$FrameworkDirectory2$\v4.5.1"/>
      <Framework                               version = "4.5.2" directory = "$FrameworkDirectory2$\v4.5.2"/>
      <Framework                               version = "4.6" directory = "$FrameworkDirectory2$\v4.6"/>
      <Framework                               version = "4.6.1" directory = "$FrameworkDirectory2$\v4.6.1"/>
    </Frameworks>
    <Win32ResourceCompiler                     value = "C:\Program Files (x86)\Windows Kits\8.1\bin\x86\rc.exe"/>
    <!--<ResourceCompiler                          value = "c:\Program Files\Microsoft SDKs\Windows\v7.1\Bin\ResGen.exe"/>-->
    <ResourceCompiler                          value = "c:\Program Files (x86)\Microsoft SDKs\Windows\v8.1A\bin\NETFX 4.5.1 Tools\ResGen.exe"/>
    <DisableCompilerMessages                   value = "CS1701"/>
  </CompilerConfig>
  
  <DefaultProject                              value = "$ProjectDirectory$\Lib\pb\Source\Project\Default.project.xml"/>    <!-- used to compile without project  -->
  <!--<ProjectDefaultValues                        value = "$ProjectDirectory$\Lib\pb\Source\Project\DefaultValues.project.xml"/>-->
	<!--<ProjectDefaultValues>
		<Using                                     value = "System" />
		<Using                                     value = "System.Collections" />
		<Using                                     value = "System.Collections.Generic" />
		<Using                                     value = "System.Data" />
		<Using                                     value = "System.Globalization" />
		<Using                                     value = "System.IO" />
		<Using                                     value = "System.Text" />
		<Using                                     value = "System.Text.RegularExpressions" />
		<Using                                     value = "System.Windows.Forms" />
		<Using                                     value = "System.Xml" />
    <Using                                     value = "pb" />
    <Using                                     value = "pb.Compiler" />
    <Using                                     value = "pb.Data" />
    <Using                                     value = "pb.Data.Xml" />
    <Using                                     value = "pb.IO" />
    <Using                                     value = "pb.Text" />
    <Using                                     value = "pb.Web" />
    <Using                                     value = "pb.Windows.Win32" />
    <Assembly                                  value = "System.dll" />
		<Assembly                                  value = "System.Core.dll" />
		<Assembly                                  value = "System.Data.dll" />
		<Assembly                                  value = "System.Windows.Forms.dll" />
		<Assembly                                  value = "System.Xml.dll" />
    <Assembly                                  value = "runsource.dll" />
    <Assembly                                  value = "runsource.irunsource.dll" />
		<GenerateInMemory                          value = "false" />
		<DebugInformation                          value = "true" />
    <WarningLevel                              value = "4" />  --><!-- 0 no warning, 1 severe warning, 2 + less-severe warnings 1, 3 + less-severe warnings 2, 4 all warning --><!--
    <CompilerOptions                           value = "/define:DEBUG;TRACE" />
	</ProjectDefaultValues>-->
  
	<AbortThreadExecutionTimeout                   value = "2" />
	<ForceAbortThreadExecutionTimeout              value = "30" />
	<ProgressMinimumMillisecondsBetweenMessage     value = "50" />
  <GridMaxWidth                                  value = "800" />
  <GridMaxHeight                                 value = "200" />
  <DataTableMaxImageWidth                        value = "0" />
  <DataTableMaxImageHeight                       value = "200" />
</configuration>
