<?xml version="1.0" encoding="utf-8" ?>
<AssemblyProject>
  <!--<Root                                      value = "..\..\..\..\.." />-->
  <Root                                      value = "..\..\..\.." />

  <!--<IncludeProject                            value = "$Root$\Lib\pb\Source\Project\CSharp.Default.project.xml" />-->

  <Language                                  name = "CSharp5" version = "6" />
  <FrameworkVersion                          value = "4.6.1" />  <!-- CSharp5 option : 2.0, 3.0, 3.5, 3.5 client, 4.0, 4.0 client, 4.5, 4.5.1, 4.5.2, 4.6, 4.6.1 -->
  <Target                                    value = "winexe" /> <!-- exe (exe console default), library (dll), module (.netmodule), winexe (exe windows), winruntimeexe (windows runtime application), winruntimemetadata (windows runtime metadata) -->
  <Platform                                  value = "X86" /> <!-- AnyCpu (default), X86, X64, Itanium, AnyCpu32BitPreferred (only CSharp5), Arm (only CSharp5) -->
  <WarningLevel                              value = "4" /> <!-- 0 no warning, 1 severe warning, 2 + less-severe warnings 1, 3 + less-severe warnings 2, 4 all warning -->
  <DebugInformation                          value = "true" />
  <CompilerOptions                           value = "/define:DEBUG;TRACE" />
  <PreprocessorSymbol                        value = "DEBUG;TRACE" />
  <Output                                    value = "bin32\runsource.runsource.exe" />
  <Icon                                      value = "Resource\DogFinder.ico" />
  <Win32Resource                             value = "Resource\resource.rc" />
  <CopySourceFiles                           value = "true" />
  <NameSpace                                 value = "runsourced" />
	<!--<CompilerOptions                           value = "/platform:x86" />  --><!-- x86, Itanium, x64, or anycpu (default). -->
  <File                                      value = "runsource.runsource.config.xml" />
  <Source                                    value = "Properties\AssemblyInfo.cs" />
  <Source                                    value = "Resource\Resources.resx" namespace = "runsourced.Resource.Resources.resources" />
  <Source                                    value = "Resource\Resources.Designer.cs" />
  
  <!--<Source                                    value = "Source\v3\Program_v3.cs" />
	<Source                                    value = "Source\v3\RunSourceForm_v3.cs" />
	<Source                                    value = "Source\v3\RunSourceFormBase_v3.cs" />
	<Source                                    value = "Source\v3\RunSourceFormFile_v3.cs" />
	<Source                                    value = "Source\v3\RunSourceFormKeyboard_v3.cs" />
	<Source                                    value = "Source\v3\RunSourceFormMenu_v3.cs" />
	<Source                                    value = "Source\v3\RunSourceFormResult_v3.cs" />
	<Source                                    value = "Source\v3\RunSourceFormRunSource_v3.cs" />
	<Source                                    value = "Source\v3\RunSourceFormScintilla_v3.cs" />
	<Source                                    value = "Source\v3\RunSourceFormStatusBar_v3.cs" />-->
  
  <Source                                    value = "Source\v4\Program_v4.cs" />
	<Source                                    value = "Source\v4\RunSourceFormExe.cs" />
	<Source                                    value = "Source\v4\RunSourceFormExeFile.cs" />
  <Source                                    value = "Source\v4\RunSourceFormExeMenu.cs" />
  <Source                                    value = "Source\v4\RunSourceFormExePostMessage.cs" />
  <Source                                    value = "Source\v4\RunSourceFormExeResult.cs" />
	<Source                                    value = "Source\v4\RunSourceFormExeRunSource.cs" />
  
  <Source                                    value = "Source\RunSourceRestartParameters.cs" />

  <Source                                    value = "$Root$\Lib\pb\Source\pb\_pb\Chrono.cs" />
  <Source                                    value = "$Root$\Lib\pb\Source\pb\_pb\Convert.cs" />
  <Source                                    value = "$Root$\Lib\pb\Source\pb\_pb\Date.cs" />
  <Source                                    value = "$Root$\Lib\pb\Source\pb\_pb\Error.cs" />
  <Source                                    value = "$Root$\Lib\pb\Source\pb\_pb\FormatInfo.cs" />
  <Source                                    value = "$Root$\Lib\pb\Source\pb\_pb\ParseAs.cs" />
  <Source                                    value = "$Root$\Lib\pb\Source\pb\_pb\PBException.cs" />
  <Source                                    value = "$Root$\Lib\pb\Source\pb\_pb\TextSerializer.cs" />
  <Source                                    value = "$Root$\Lib\pb\Source\pb\_pb\Trace.cs" />
  <Source                                    value = "$Root$\Lib\pb\Source\pb\_pb\TraceError.cs" />
  <Source                                    value = "$Root$\Lib\pb\Source\pb\_pb\TraceSetWriter.cs" />
  <Source                                    value = "$Root$\Lib\pb\Source\pb\_pb\Tree.cs" />
  <Source                                    value = "$Root$\Lib\pb\Source\pb\Compiler\RemoteRunSource.cs" />
  <Source                                    value = "$Root$\Lib\pb\Source\pb\Data\Image.cs" />
  <Source                                    value = "$Root$\Lib\pb\Source\pb\Data\Xml\Xml.cs" />
  <Source                                    value = "$Root$\Lib\pb\Source\pb\Data\Xml\XmlConfig.cs" />
  <Source                                    value = "$Root$\Lib\pb\Source\pb\Data\Xml\XmlSerialize.cs" />
  <Source                                    value = "$Root$\Lib\pb\Source\pb\Data\Xml\XmlSerializer.cs" />
  <Source                                    value = "$Root$\Lib\pb\Source\pb\IO\File.cs" />
  <Source                                    value = "$Root$\Lib\pb\Source\pb\IO\Path.cs" />
  <Source                                    value = "$Root$\Lib\pb\Source\pb\IO\WriteToFile.cs" />
  <Source                                    value = "$Root$\Lib\pb\Source\pb\IO\WriteToFileCreate.cs" />
  <Source                                    value = "$Root$\Lib\pb\Source\pb\IO\zDirectory.cs" />
  <Source                                    value = "$Root$\Lib\pb\Source\pb\IO\zFile.cs" />
  <Source                                    value = "$Root$\Lib\pb\Source\pb\Reflection\Reflection.cs" />
  <Source                                    value = "$Root$\Lib\pb\Source\pb\Text\Regex.cs" />
  <Source                                    value = "$Root$\Lib\pb\Source\pb\Text\Split.cs" />
  <Source                                    value = "$Root$\Lib\pb\Source\pb\Text\String.cs" />
  <Source                                    value = "$Root$\Lib\pb\Source\pb\Text\StringZones.cs" />
  <Source                                    value = "$Root$\Lib\pb\Source\pb\Windows\Forms\cGrid.cs" />
  <Source                                    value = "$Root$\Lib\pb\Source\pb\Windows\Forms\ControlFindForm.cs" />
  <Source                                    value = "$Root$\Lib\pb\Source\pb\Windows\Forms\DataGridViewControl.cs" />
  <Source                                    value = "$Root$\Lib\pb\Source\pb\Windows\Forms\FormKeyboard.cs" />
  <Source                                    value = "$Root$\Lib\pb\Source\pb\Windows\Forms\LogTextBox.cs" />
  <Source                                    value = "$Root$\Lib\pb\Source\pb\Windows\Forms\PanelTabControl.cs" />
  <Source                                    value = "$Root$\Lib\pb\Source\pb\Windows\Forms\XtraGrid.cs" />
  <Source                                    value = "$Root$\Lib\pb\Source\pb\Windows\Forms\XtraGridControl.cs" />
  <Source                                    value = "$Root$\Lib\pb\Source\pb\Windows\Forms\zerrf.cs" />
  <Source                                    value = "$Root$\Lib\pb\Source\pb\Windows\Forms\zForm.cs" />
  <Source                                    value = "$Root$\Lib\pb\Source\pb\Windows\Forms\zDataGridView.cs" />
  <Source                                    value = "$Root$\Lib\pb\Source\pb\Windows\Forms\zXtraGrid.cs" />

  <Source                                    value = "$Root$\Lib\pb\Source\pb\Windows\Forms\RunSourceForm\RunSourceForm.cs" />
  <Source                                    value = "$Root$\Lib\pb\Source\pb\Windows\Forms\RunSourceForm\RunSourceFormBase.cs" />
  <Source                                    value = "$Root$\Lib\pb\Source\pb\Windows\Forms\RunSourceForm\RunSourceFormResult.cs" />
  <Source                                    value = "$Root$\Lib\pb\Source\pb\Windows\Forms\RunSourceForm\RunSourceFormScintilla.cs" />
  <Source                                    value = "$Root$\Lib\pb\Source\pb\Windows\Forms\RunSourceForm\RunSourceFormStatusBar.cs" />
  
  <Source                                    value = "$Root$\Lib\pb\Source\pb\Windows\Forms\Scintilla\ScintillaBookmark.cs" />
  <!--<Source                                    value = "$Root$\Lib\pb\Source\pb\Windows\Forms\Scintilla\ScintillaBookmarkForm.cs" />-->
  <Source                                    value = "$Root$\Lib\pb\Source\pb\Windows\Forms\Scintilla\ScintillaBrace.cs" />
  <Source                                    value = "$Root$\Lib\pb\Source\pb\Windows\Forms\Scintilla\ScintillaCodeFolding.cs" />
  <Source                                    value = "$Root$\Lib\pb\Source\pb\Windows\Forms\Scintilla\ScintillaControl.cs" />
  <Source                                    value = "$Root$\Lib\pb\Source\pb\Windows\Forms\Scintilla\ScintillaExtension.cs" />
  <Source                                    value = "$Root$\Lib\pb\Source\pb\Windows\Forms\Scintilla\ScintillaFindForm.cs" />
  <Source                                    value = "$Root$\Lib\pb\Source\pb\Windows\Forms\Scintilla\ScintillaFindForm.Designer.cs" />
  <Source                                    value = "$Root$\Lib\pb\Source\pb\Windows\Forms\Scintilla\ScintillaFindText.cs" />
  <!--<Source                                    value = "$Root$\Lib\pb\Source\pb\Windows\Forms\Scintilla\ScintillaFindTextForm.cs" />-->
  <!--<Source                                    value = "$Root$\Lib\pb\Source\pb\Windows\Forms\Scintilla\ScintillaForm.cs" />-->
  <Source                                    value = "$Root$\Lib\pb\Source\pb\Windows\Forms\Scintilla\ScintillaIndent.cs" />
  <Source                                    value = "$Root$\Lib\pb\Source\pb\Windows\Forms\Scintilla\ScintillaStatus.cs" />
  <Source                                    value = "$Root$\Lib\pb\Source\pb\Windows\Win32\WM.cs" />

  <FrameworkAssembly                         value = "mscorlib.dll" />
  <FrameworkAssembly                         value = "System.dll" />
  <FrameworkAssembly                         value = "System.Core.dll" />
	<FrameworkAssembly                         value = "System.Data.dll" />
  <FrameworkAssembly                         value = "System.Drawing.dll" />
  <FrameworkAssembly                         value = "System.Windows.Forms.dll" />
  <FrameworkAssembly                         value = "System.Xml.dll" />
  <FrameworkAssembly                         value = "System.Xml.Linq.dll" />
  <!--<Assembly                                  value = "DevExpress.Data.dll" />-->
  <!--<Assembly                                  value = "DevExpress.Utils.dll" />-->
  <!--<Assembly                                  value = "DevExpress.XtraEditors.dll" />-->
  <!--<Assembly                                  value = "DevExpress.XtraGrid.dll" />-->
  <Assembly                                  value = "$Root$\..\library\DevExpress\DevExpress 2.4.7.0\.NET\DevExpress.Data.dll" />
  <Assembly                                  value = "$Root$\..\library\DevExpress\DevExpress 2.4.7.0\.NET\DevExpress.Utils.dll" />
  <Assembly                                  value = "$Root$\..\library\DevExpress\DevExpress 2.4.7.0\.NET\DevExpress.XtraEditors.dll" />
  <Assembly                                  value = "$Root$\..\library\DevExpress\DevExpress 2.4.7.0\.NET\DevExpress.XtraGrid.dll" />
  
  <!--<Assembly                                  value = "$Root$\..\library\ScintillaNET\ScintillaNET.2.6\ScintillaNET.dll" />-->
  <!--<File                                      value = "$Root$\..\library\ScintillaNET\ScintillaNET.2.6\SciLexer.dll" />-->
  <!--<File                                      value = "$Root$\..\library\ScintillaNET\ScintillaNET.2.6\SciLexer64.dll" />-->
  <!--<File                                      value = "$Root$\..\library\ScintillaNET\ScintillaNET.2.6\ScintillaNET.xml" />-->
  
  <Assembly                                  value = "$Root$\..\library\ScintillaNET\ScintillaNET.3.5.6\ScintillaNET.dll" />

  <Assembly                                  value = "$Root$\Lib\LongPath\Pri.LongPath\bin\Debug\Pri.LongPath.dll" />
  <Assembly                                  value = "$Root$\Apps\RunSource\v2\runsource.irunsource\bin32\runsource.irunsource.dll" copySource = "true" />
</AssemblyProject>
