<?xml version="1.0" encoding="utf-8" ?>
<AssemblyProject>
  <!--<Root                                      value = "..\..\..\..\.." />-->
  <Root                                      value = "..\..\..\.." />

  <!--<IncludeProject                            value = "$Root$\Lib\pb\Source\Project\CSharp.Default.project.xml" />-->

  <Language                                  name = "CSharp5" version = "6" />
  <FrameworkVersion                          value = "4.6.1" />  <!-- 2.0, 3.0, 3.5, 3.5 client, 4.0, 4.0 client, 4.5, 4.5.1, 4.5.2, 4.6, 4.6.1 -->
  <WarningLevel                              value = "4" /> <!-- 0 no warning, 1 severe warning, 2 + less-severe warnings 1, 3 + less-severe warnings 2, 4 all warning -->
  <Target                                    value = "winexe" /> <!-- exe (exe console default), library (dll), module (.netmodule), winexe (exe windows), winruntimeexe (windows runtime application), winruntimemetadata (windows runtime metadata) -->
  <Platform                                  value = "X86" /> <!-- AnyCpu (default), X86, X64, Itanium, AnyCpu32BitPreferred (only CSharp5), Arm (only CSharp5) -->
  <DebugInformation                          value = "true" />
  <Output                                    value = "bin32\runsource.launch.exe" />
  <CopySourceFiles                           value = "true" />
  <Icon                                      value = "Resource\DogFinder.ico" />
  <Win32Resource                             value = "Resource\resource.rc" />
	<NameSpace                                 value = "runsource_launch" />
	<!--<CompilerOptions                           value = "/platform:x86" />  --><!-- x86, Itanium, x64, or anycpu (default). -->
	<Source                                    value = "Properties\AssemblyInfo.cs" />
	<Source                                    value = "Source\runsource.launch.cs" />

  <Source                                    value = "$Root$\Lib\pb\Source\pb\_pb\Application.cs" />
  <Source                                    value = "$Root$\Lib\pb\Source\pb\_pb\Date.cs" />
  <Source                                    value = "$Root$\Lib\pb\Source\pb\_pb\Error.cs" />
  <Source                                    value = "$Root$\Lib\pb\Source\pb\_pb\FormatInfo.cs" />
  <Source                                    value = "$Root$\Lib\pb\Source\pb\_pb\ITrace.cs" />
  <Source                                    value = "$Root$\Lib\pb\Source\pb\_pb\ParseAs.cs" />
  <Source                                    value = "$Root$\Lib\pb\Source\pb\_pb\PBException.cs" />
  <Source                                    value = "$Root$\Lib\pb\Source\pb\_pb\TextSerializer.cs" />
  <Source                                    value = "$Root$\Lib\pb\Source\pb\_pb\Trace.cs" />
  <Source                                    value = "$Root$\Lib\pb\Source\pb\_pb\TraceSetWriter.cs" />
  <Source                                    value = "$Root$\Lib\pb\Source\pb\_pb\Tree.cs" />
  <Source                                    value = "$Root$\Lib\pb\Source\pb\Data\Xml\Xml.cs" />
  <Source                                    value = "$Root$\Lib\pb\Source\pb\Data\Xml\XmlConfig.cs" />
  <Source                                    value = "$Root$\Lib\pb\Source\pb\IO\File.cs" />
  <Source                                    value = "$Root$\Lib\pb\Source\pb\IO\FileOption.cs" />
  <Source                                    value = "$Root$\Lib\pb\Source\pb\IO\Path.cs" />
  <Source                                    value = "$Root$\Lib\pb\Source\pb\IO\WriteToFile.cs" />
  <Source                                    value = "$Root$\Lib\pb\Source\pb\IO\WriteToFileCreate.cs" />
  <Source                                    value = "$Root$\Lib\pb\Source\pb\IO\zDirectory.cs" />
  <Source                                    value = "$Root$\Lib\pb\Source\pb\IO\zFile.cs" />
  <Source                                    value = "$Root$\Lib\pb\Source\pb\IO\zPath.cs" />
  <Source                                    value = "$Root$\Lib\pb\Source\pb\Reflection\Reflection.cs" />
  <Source                                    value = "$Root$\Lib\pb\Source\pb\Text\Regex.cs" />
  <Source                                    value = "$Root$\Lib\pb\Source\pb\Windows\Forms\zerrf.cs" />

  <FrameworkAssembly                         value = "mscorlib.dll" />
  <FrameworkAssembly                         value = "System.dll" />
  <FrameworkAssembly                         value = "System.Core.dll" />
  <FrameworkAssembly                         value = "System.Windows.Forms.dll" />
  <FrameworkAssembly                         value = "System.Xml.dll" />
  <FrameworkAssembly                         value = "System.Xml.Linq.dll" />
  <Assembly                                  value = "$Root$\Lib\LongPath\Pri.LongPath\bin\Debug\Pri.LongPath.dll" />
</AssemblyProject>

