<?xml version="1.0" encoding="utf-8" ?>
<AssemblyProject>
  
  <!--<Root                             value = "..\..\..\..\..\.." />-->
  <Root                             value = "..\..\..\..\.." />

  <IncludeProject                   value = "$Root$\Lib\pb\Source\Project\LanguageCSharp5Debug.project.xml" />
  <Target                           value = "library" /> <!-- exe (exe console default), library (dll), module (.netmodule), winexe (exe windows) -->
	<Output                           value = "bin32\hts.dll" />
  <CopySourceFiles                  value = "true" />
  <CopyRunSourceSourceFiles         value = "true" />
  <CopyOutput                       value = "c:\pib\prog\tools\runsource\app\hts\new" />

  <IncludeProject                   value = "$Root$\Lib\pb\Source\Project\Basic.project.xml" />
  <IncludeProject                   value = "$Root$\Lib\pb\Source\Project\RunSourceExtension.project.xml" />
  <IncludeProject                   value = "$Root$\Lib\pb\Source\Project\MongoExtension.project.xml" />
  <IncludeProject                   value = "$Root$\Lib\pb\Source\Project\MongoDefaultSerializer.project.xml" />
  <IncludeProject                   value = "$Root$\Lib\pb\Source\Project\MongoWebHeaderSerializer.project.xml" />
  <IncludeProject                   value = "$Root$\Lib\pb\Source\Project\HttpRun.project.xml" />
  <IncludeProject                   value = "$Root$\Lib\pb\Source\Project\HtmlRun.project.xml" />
  <IncludeProject                   value = "$Root$\Lib\pb\Source\Project\VSProject.project.xml" />
  <IncludeProject                   value = "$Root$\Lib\pb\Source\Project\WebData.project.xml" />

  <IncludeProject                   value = "hts.source.project.xml" />
  
</AssemblyProject>
