<?xml version="1.0" encoding="utf-8" ?>
<AssemblyProject>
  <Root                             value = "..\..\.." />

  <IncludeProject                   value = "$Root$\Lib\pb\Source\Project\LanguageCSharp5Debug.project.xml" />
  <Target                           value = "exe" /> <!-- exe (exe console default), library (dll), module (.netmodule), winexe (exe windows), winruntimeexe (windows runtime application), winruntimemetadata (windows runtime metadata) -->
  <!--<Platform                         value = "X86" /> --><!-- AnyCpu (default), X86, X64, Itanium, AnyCpu32BitPreferred (only CSharp5), Arm (only CSharp5) -->
  <Output                           value = "bin32\mega.exe" />
  <!--<Icon                             value = "Properties\app.ico" />-->
  <!--<Win32Resource                    value = "Resource\resource.rc" />-->
  <CopySourceFiles                  value = "true" />
  <NameSpace                        value = "Mega" />
	<!--<CompilerOptions                  value = "/platform:x86" />  --><!-- x86, Itanium, x64, or anycpu (default). -->
  <File                             value = "mega.config.xml" />
  <Source                           value = "Properties\AssemblyInfo.cs" />

  <Source                           value = "Source\MegaDirectory.cs" />
  <Source                           value = "Source\MegaEnvironment.cs" />
  <Source                           value = "Source\MegaExecuteCommand.cs" />
  <Source                           value = "Source\Program.cs" />

  <Source                           value = "$Root$\Lib\pb\Source\pb\_pb\Application.cs" />
  <Source                           value = "$Root$\Lib\pb\Source\pb\_pb\Error.cs" />
  <Source                           value = "$Root$\Lib\pb\Source\pb\_pb\ITrace.cs" />
  <Source                           value = "$Root$\Lib\pb\Source\pb\_pb\ITraceManager.cs" />
  <Source                           value = "$Root$\Lib\pb\Source\pb\_pb\PBException.cs" />
  <Source                           value = "$Root$\Lib\pb\Source\pb\_pb\Trace.cs" />
  <Source                           value = "$Root$\Lib\pb\Source\pb\_pb\TraceManager.cs" />

  <Source                           value = "$Root$\Lib\pb\Source\pb\Data\Xml\Xml.cs" />
  <Source                           value = "$Root$\Lib\pb\Source\pb\Data\Xml\XmlConfig.cs" />
  <Source                           value = "$Root$\Lib\pb\Source\pb\Data\Xml\XmlSet.cs" />

  <Source                           value = "$Root$\Lib\pb\Source\pb\IO\File.cs" />
  <Source                           value = "$Root$\Lib\pb\Source\pb\IO\FileOption.cs" />
  <Source                           value = "$Root$\Lib\pb\Source\pb\IO\IWriteToFile.cs" />
  <Source                           value = "$Root$\Lib\pb\Source\pb\IO\Path.cs" />
  <Source                           value = "$Root$\Lib\pb\Source\pb\IO\WriteToFile.cs" />
  <Source                           value = "$Root$\Lib\pb\Source\pb\IO\WriteToFileCreate.cs" />
  <Source                           value = "$Root$\Lib\pb\Source\pb\IO\zDirectory.cs" />
  <Source                           value = "$Root$\Lib\pb\Source\pb\IO\zFile.cs" />
  <Source                           value = "$Root$\Lib\pb\Source\pb\IO\zPath.cs" />

  <Source                           value = "$Root$\Lib\pb\Source\pb\Reflection\Reflection.cs" />

  <Source                           value = "$Root$\Lib\pb\Source\pb\Text\Split.cs" />
  <Source                           value = "$Root$\Lib\pb\Source\pb\Text\StringZones.cs" />

  <Source                           value = "$Root$\Lib\pb\Source\pb\Web\Data\MegaClient.cs" />

  <!--
  <Source                           value = "$Root$\Lib\pb\Source\pb\_pb\Chrono.cs" />
  <Source                           value = "$Root$\Lib\pb\Source\pb\_pb\Convert.cs" />
  <Source                           value = "$Root$\Lib\pb\Source\pb\_pb\Date.cs" />
  <Source                           value = "$Root$\Lib\pb\Source\pb\_pb\FormatInfo.cs" />
  <Source                           value = "$Root$\Lib\pb\Source\pb\_pb\GlobalExtension.cs" />
  <Source                           value = "$Root$\Lib\pb\Source\pb\_pb\IChrono.cs" />
  <Source                           value = "$Root$\Lib\pb\Source\pb\_pb\ParseAs.cs" />

  <Source                           value = "$Root$\Lib\pb\Source\pb\Compiler\CodeDomProviderCompilerResult.cs" />
  <Source                           value = "$Root$\Lib\pb\Source\pb\Compiler\CompilerManager.cs" />
  <Source                           value = "$Root$\Lib\pb\Source\pb\Compiler\CompilerProjectReader.cs" />
  <Source                           value = "$Root$\Lib\pb\Source\pb\Compiler\CSharp1Compiler.cs" />
  <Source                           value = "$Root$\Lib\pb\Source\pb\Compiler\CSharp5Compiler.cs" />
  <Source                           value = "$Root$\Lib\pb\Source\pb\Compiler\ICompiler.cs" />
  <Source                           value = "$Root$\Lib\pb\Source\pb\Compiler\IProjectCompiler.cs" />
  <Source                           value = "$Root$\Lib\pb\Source\pb\Compiler\JScriptCompiler.cs" />
  <Source                           value = "$Root$\Lib\pb\Source\pb\Compiler\ProjectCompiler.cs" />
  <Source                           value = "$Root$\Lib\pb\Source\pb\Compiler\ProjectCompilerCreator.cs" />
  <Source                           value = "$Root$\Lib\pb\Source\pb\Compiler\ResourceCompiler.cs" />
  <Source                           value = "$Root$\Lib\pb\Source\pb\Compiler\ResourceCompilerResult.cs" />
  <Source                           value = "$Root$\Lib\pb\Source\pb\Compiler\Win32ResourceCompiler.cs" />

  <Source                           value = "$Root$\Lib\pb\Source\pb\Data\NamedValues.cs" />
  <Source                           value = "$Root$\Lib\pb\Source\pb\Data\ParseNamedValues.cs" />
  <Source                           value = "$Root$\Lib\pb\Source\pb\Data\ZValue.cs" />


  <Source                           value = "$Root$\Lib\pb\Source\pb\IO\CompressFile.cs" />
  <Source                           value = "$Root$\Lib\pb\Source\pb\IO\CompressOptions.cs" />
  <Source                           value = "$Root$\Lib\pb\Source\pb\IO\ZipArchive.cs" />
  <Source                           value = "$Root$\Lib\pb\Source\pb\IO\zUpdateFiles.cs" />

  <Source                           value = "$Root$\Lib\pb\Source\pb\Text\Regex.cs" />
  <Source                           value = "$Root$\Lib\pb\Source\pb\Text\String.cs" />

	<FrameworkAssembly                value = "System.Data.dll" />
  <FrameworkAssembly                value = "System.IO.Compression.dll" />
  <FrameworkAssembly                value = "System.IO.Compression.FileSystem.dll" />
  <FrameworkAssembly                value = "Microsoft.CSharp.dll" />
  <FrameworkAssembly                value = "Microsoft.JScript.dll" />

  <FrameworkAssembly                value = "Facades\System.Runtime.dll" />
  <FrameworkAssembly                value = "Facades\System.IO.dll" />
  <FrameworkAssembly                value = "Facades\System.Text.Encoding.dll" />
  <FrameworkAssembly                value = "Facades\System.Threading.Tasks.dll" />

  <NuGetDirectory                   value = "c:\pib\dev\NuGet\repository" />
  <Assembly                         value = "$NuGetDirectory$\Microsoft.CodeAnalysis.Common.1.2.2\lib\net45\Microsoft.CodeAnalysis.dll" />
  <Assembly                         value = "$NuGetDirectory$\Microsoft.CodeAnalysis.CSharp.1.2.2\lib\net45\Microsoft.CodeAnalysis.CSharp.dll" />
  <Assembly                         value = "$NuGetDirectory$\System.Collections.Immutable.1.1.37\lib\dotnet\System.Collections.Immutable.dll" />
  <Assembly                         value = "$NuGetDirectory$\System.Reflection.Metadata.1.2.0\lib\portable-net45+win8\System.Reflection.Metadata.dll" />

  -->
  <FrameworkAssembly                value = "mscorlib.dll" />
  <FrameworkAssembly                value = "System.dll" />
  <FrameworkAssembly                value = "System.Core.dll" />
  <FrameworkAssembly                value = "System.Xml.dll" />
  <FrameworkAssembly                value = "System.Xml.Linq.dll" />

  <Assembly                         value = "$Root$\Lib\LongPath\Pri.LongPath\bin\Debug\Pri.LongPath.dll" />
  <Assembly                         value = "c:\pib\dev\NuGet\repository\MegaApiClient.1.3.1\lib\net45\MegaApiClient.dll" resolve = "true" resolveName = "MegaApiClient, Version=1.3.1.269, Culture=neutral, PublicKeyToken=0480d311efbeb4e2" />
  <Assembly                         value = "c:\pib\dev\NuGet\repository\Newtonsoft.Json.9.0.1\lib\net45\Newtonsoft.Json.dll" resolve = "true" resolveName = "Newtonsoft.Json, Version=9.0.0.0, Culture=neutral, PublicKeyToken=30ad4fe6b2a6aeed" />
</AssemblyProject>
