<?xml version="1.0" encoding="utf-8" ?>
<AssemblyProject>
  <Root                                      value = "..\..\.." />
  
  <Language                                  name = "CSharp5" version = "6" />
  <FrameworkVersion                          value = "4.6.1" />  <!-- 2.0, 3.0, 3.5, 3.5 client, 4.0, 4.0 client, 4.5, 4.5.1, 4.5.2, 4.6, 4.6.1 -->
  <WarningLevel                              value = "4" /> <!-- 0 no warning, 1 severe warning, 2 + less-severe warnings 1, 3 + less-severe warnings 2, 4 all warning -->
	<Target                                    value = "library" /> <!-- exe (exe console default), library (dll), module (.netmodule), winexe (exe windows) -->
  <Output                                    value = "bin32\MyDownloader.Spider.dll" />
  <DebugInformation                          value = "true" />
	<CompilerOptions                           value = "/platform:anycpu" />  <!-- x86, Itanium, x64, or anycpu (default). -->
  <CopySourceFiles                           value = "true" />
  <NameSpace                                 value = "MyDownloader.Spider" />
<!--<GenerateExecutable                        value = "true" />-->
  <Source                                    value = "Properties\AssemblyInfo.cs" />
  <Source                                    value = "Parsers\Html\HtmlParser.cs" />
  <Source                                    value = "Parsers\Html\UrlType.cs" />
  <Source                                    value = "Spider\IAsyncRetriver.cs" />
  <Source                                    value = "Spider\INamingRule.cs" />
  <Source                                    value = "Spider\ISpiderResource.cs" />
  <Source                                    value = "Spider\ISpiderResourceFactory.cs" />
  <Source                                    value = "Spider\Spider.cs" />
  <Source                                    value = "Spider\SpiderContext.cs" />
  <Source                                    value = "UI\StartAutoDownloadsForm.cs" />
  <Source                                    value = "UI\StartAutoDownloadsForm.Designer.cs" />
  <Source                                    value = "UI\StartAutoDownloadsForm.resx" namespace = "MyDownloader.Spider.UI.StartAutoDownloadsForm.resources" />
  <Source                                    value = "UI\WebSpider.cs" />
  <Source                                    value = "UI\WebSpider.Designer.cs" />
  <Source                                    value = "UI\WebSpider.resx" namespace = "MyDownloader.Spider.UI.WebSpider.resources" />
  <Source                                    value = "Web\DownloaderAsyncRetrive.cs" />
  <Source                                    value = "Web\WebSpiderResource.cs" />
  <Source                                    value = "Web\WebSpiderResourceFactory.cs" />
  <Source                                    value = "Web\Rules\BaseLocationNamingRule.cs" />
  <Source                                    value = "Web\Rules\ExcludeExtensionNamingRule.cs" />
  <Source                                    value = "Web\Rules\ExcludeNameNamingRule.cs" />
  <Source                                    value = "Web\Rules\MaxDepthNamingRule.cs" />
  <FrameworkAssembly                         value = "mscorlib.dll" />
  <FrameworkAssembly                         value = "System.dll" />
  <FrameworkAssembly                         value = "System.Data.dll" />
  <FrameworkAssembly                         value = "System.Drawing.dll" />
  <FrameworkAssembly                         value = "System.Web.dll" />
	<FrameworkAssembly                         value = "System.Windows.Forms.dll" />
  <FrameworkAssembly                         value = "System.Xml.dll" />
  <Assembly                                  value = "$Root$\Apps\MyDownloader\MyDownloader.Core\bin32\MyDownloader.Core.dll" />
  <Assembly                                  value = "$Root$\Apps\MyDownloader\MyDownloader.Extension\bin32\MyDownloader.Extension.dll" />
  <Assembly                                  value = "$Root$\..\library\TabStrip\TabStrip.dll" />
	<!--<CopyOutput                                value = "..\bin\bin32" />-->
</AssemblyProject>
