﻿<?xml version="1.0" encoding="utf-8" ?>
<AssemblyProject>
  
  <Root                             value = "..\..\..\.." />
  
  <!--<IncludeProject                   value = "CSharp.Default.project.xml" />-->

  <Language                                  name = "CSharp5" version = "6" />
  <FrameworkVersion                          value = "4.6.1" />  <!-- 2.0, 3.0, 3.5, 3.5 client, 4.0, 4.0 client, 4.5, 4.5.1, 4.5.2, 4.6, 4.6.1 -->
  <WarningLevel                              value = "4" /> <!-- 0 no warning, 1 severe warning, 2 + less-severe warnings 1, 3 + less-severe warnings 2, 4 all warning -->
  <Target                           value = "library" /> <!-- exe (exe console default), library (dll), module (.netmodule), winexe (exe windows), winruntimeexe (windows runtime application), winruntimemetadata (windows runtime metadata) -->
  <DebugInformation                 value = "true" />
  <CompilerOptions                  value = "/define:DEBUG;TRACE" />
  <Output                           value = "bin32\Extension_01\Extension_01.dll" />
  <CopySourceFiles                  value = "true" />
  <CopyOutput                       value = "$Root$\..\library\pib\Extension_01\new" />

  <IncludeProject                   value = "$Root$\Lib\pb\Source\Project\RunSourceExtension.project.xml" />
  <IncludeProject                   value = "$Root$\Lib\pb\Source\Project\MongoExtension.project.xml" />
  <IncludeProject                   value = "$Root$\Lib\pb\Source\Project\MongoSerialization.project.xml" />
  <IncludeProject                   value = "$Root$\Lib\pb\Source\Project\HtmlRun.project.xml" />

</AssemblyProject>
