<?xml version="1.0" encoding="utf-8" ?>
<AssemblyProject>
  <Root                                      value = "..\..\.." />
  
  <Language                                  name = "CSharp5" version = "6" />
  <FrameworkVersion                          value = "4.6.1" />  <!-- 2.0, 3.0, 3.5, 3.5 client, 4.0, 4.0 client, 4.5, 4.5.1, 4.5.2, 4.6, 4.6.1 -->
  <WarningLevel                              value = "4" /> <!-- 0 no warning, 1 severe warning, 2 + less-severe warnings 1, 3 + less-severe warnings 2, 4 all warning -->
	<Target                                    value = "library" /> <!-- exe (exe console default), library (dll), module (.netmodule), winexe (exe windows) -->
  <DebugInformation                          value = "true" />
	<CompilerOptions                           value = "/platform:anycpu" />  <!-- x86, Itanium, x64, or anycpu (default). -->
  <Output                                    value = "bin32\MyDownloader.IEPlugin.dll" />
  <CopySourceFiles                           value = "true" />
  <NameSpace                                 value = "MyDownloader.IEPlugin" />
<!--<GenerateExecutable                        value = "true" />-->
  <KeyFile                                   value = "MyDownloader.IEPlugin.snk" />
  <Source                                    value = "Properties\AssemblyInfo.cs" />
  <Source                                    value = "BandObjectLib\Attributes.cs" />
  <Source                                    value = "BandObjectLib\BandObject.cs" />
  <Source                                    value = "BandObjectLib\ComInterop.cs" />
  <Source                                    value = "IEPlugin\IEMD.cs" />
  <Source                                    value = "IEPlugin\IEMD.resx" namespace = "MyDownloader.IEPlugin" />
  <Source                                    value = "IEPlugin\Settings.cs" />
  <Source                                    value = "IEPlugin\VideoSitesRepository.cs" />
  <FrameworkAssembly                         value = "mscorlib.dll" />
  <FrameworkAssembly                         value = "System.dll" />
  <FrameworkAssembly                         value = "System.Data.dll" />
	<FrameworkAssembly                         value = "System.Drawing.dll" />
  <FrameworkAssembly                         value = "System.Windows.Forms.dll" />
  <FrameworkAssembly                         value = "System.Xml.dll" />
  <Assembly                                  value = "$Root$\..\library\Interop.SHDocVw\Interop.SHDocVw.dll" />
	<DebugInformation                          value = "true" />
	<!--<CopyOutput                                value = "..\bin\bin32" />-->
</AssemblyProject>
