﻿<?xml version="1.0" encoding="utf-8" ?>
<configuration>
  <RunsourceSourceDirectory                    value = "c:\pib\prog\tools\runsource\update"/>
  <ProjectDirectory                            value = "c:\pib\drive\google\dev\project\.net"/>
  <CompilerConfig>
    <Frameworks>
      <FrameworkDirectory1                     value = "C:\Windows\Microsoft.NET\Framework"/>
      <FrameworkDirectory2                     value = "C:\Program Files (x86)\Reference Assemblies\Microsoft\Framework\.NETFramework"/>
      <!-- 2.0, 3.0, 3.5, 3.5 client, 4.0, 4.0 client, 4.5, 4.5.1, 4.5.2, 4.6, 4.6.1 -->
      <Framework                               version = "2.0" directory = "$FrameworkDirectory1$\v2.0.50727"/>
      <Framework                               version = "3.5 client" directory = "$FrameworkDirectory2$\v3.5\Profile\Client"/>
      <Framework                               version = "4.0" directory = "$FrameworkDirectory2$\v4.0"/>
      <Framework                               version = "4.0 client" directory = "$FrameworkDirectory2$\v4.0\Profile\Client"/>
      <Framework                               version = "4.5" directory = "$FrameworkDirectory2$\v4.5"/>
      <Framework                               version = "4.5.1" directory = "$FrameworkDirectory2$\v4.5.1"/>
      <Framework                               version = "4.5.2" directory = "$FrameworkDirectory2$\v4.5.2"/>
      <Framework                               version = "4.6" directory = "$FrameworkDirectory2$\v4.6"/>
      <Framework                               version = "4.6.1" directory = "$FrameworkDirectory2$\v4.6.1"/>
    </Frameworks>
    <Win32ResourceCompiler                     value = "C:\Program Files (x86)\Windows Kits\8.1\bin\x86\rc.exe"/>
    <!--<ResourceCompiler                        value = "c:\Program Files\Microsoft SDKs\Windows\v7.1\Bin\ResGen.exe"/>-->
    <ResourceCompiler                          value = "c:\Program Files (x86)\Microsoft SDKs\Windows\v8.1A\bin\NETFX 4.5.1 Tools\ResGen.exe"/>
    <DisableCompilerMessages                   value = "CS1701"/>
  </CompilerConfig>
  <Shortcuts>
    <Shortcut                                  shortcut = "pbc" project = "$ProjectDirectory$\Apps\pbc\pbc.projects.xml"/>
    <Shortcut                                  shortcut = "runsource" project = "$ProjectDirectory$\Apps\RunSource\v2\runsource.projects.xml"/>
    <Shortcut                                  shortcut = "MyDownloader" project = "$ProjectDirectory$\Apps\MyDownloader\MyDownloader.projects.xml"/>
    <Shortcut                                  shortcut = "WebData" project = "$ProjectDirectory$\Apps\WebData\Source\Print\Project\download.projects.xml"/>
    <Shortcut                                  shortcut = "Extension_01" project = "$ProjectDirectory$\Lib\pb\Source\Project\Extension_01.project.xml"/>
    <Shortcut                                  shortcut = "mega" project = "$ProjectDirectory$\Apps\tools\mega\mega.projects.xml"/>
  </Shortcuts>
</configuration>
